P21524;1.000;Q9SJ20;1.000
P20967;1.000;Q9FLH2;1.000
P20967;1.000;F4IWV2;0.763
P10964;1.000;Q9SVY0;1.000
P22202;0.593;Q9LHA8;1.000
P22202;0.593;Q9S9N1;1.000
P22202;0.593;P22953;0.734
P22202;0.593;P22954;0.691
P22202;0.593;O65719;0.677
P22202;0.593;Q9C7X7;0.417
P25039;1.000;Q9C641;1.000
P25039;1.000;F4IW10;0.978
P39730;1.000;F4I420;1.000
P39730;1.000;F4I410;0.601
P39730;1.000;F4I421;0.546
P39730;1.000;C0SUW8;0.296
P38132;1.000;P43299;1.000
P60010;1.000;P53496;0.980
P60010;1.000;P0CJ46;0.766
P60010;1.000;P0CJ47;0.766
P60010;1.000;P53492;0.745
P60010;1.000;P53497;0.734
P60010;1.000;P53494;0.713
P60010;1.000;Q96293;0.596
P60010;1.000;Q96292;0.574
P28274;1.000;Q9LTW8;1.000
P28274;1.000;F4I6G9;0.493
P28274;1.000;Q0WRY1;0.424
P28274;1.000;O64753;0.365
P28274;1.000;Q8L6Z9;0.328
P07251;1.000;P92549;0.970
P07251;1.000;F4IMB5;0.930
Q12464;1.000;Q9FJW0;1.000
Q12464;1.000;Q9M2X5;0.507
P48526;1.000;F4K4Q2;1.000
P40327;1.000;Q9SL67;1.000
P40327;1.000;Q9SZD4;0.972
Q03280;1.000;Q8GY23;1.000
Q03280;1.000;Q8H0T4;0.911
P33297;1.000;Q9SEI2;1.000
P33297;1.000;O04019;0.786
Q02892;1.000;Q9C6I8;1.000
Q02892;1.000;F4I4A6;0.598
P34756;1.000;Q9LUM0;1.000
P34756;1.000;Q0WUR5;0.400
P34756;1.000;Q9SSJ8;0.207
P34756;1.000;Q9XID0;0.056
P36051;1.000;F4JD48;1.000
P53549;1.000;Q9SEI3;1.000
P53549;1.000;Q9MAK9;0.916
P12753;1.000;Q9SL02;1.000
P40991;1.000;Q9FG73;1.000
P40991;1.000;Q8VYM6;0.413
P02992;1.000;P17745;1.000
P31383;1.000;Q38950;1.000
P31383;1.000;Q38951;0.911
P31383;1.000;Q38845;0.821
Q12499;1.000;Q9MAB3;1.000
Q12499;1.000;O04658;0.698
Q12499;1.000;O04656;0.102
P11325;1.000;Q9XEA0;1.000
Q00764;0.990;Q9FZ57;0.970
Q00764;0.990;Q9SHG0;0.672
Q00764;0.990;Q9SYM4;0.536
Q00764;0.990;Q9T079;0.507
P18238;1.000;P40941;0.990
P18238;1.000;P31167;0.980
P18238;1.000;O49447;0.360
P22543;1.000;P42339;1.000
P32863;0.900;Q0PCS3;0.990
P32345;0.980;P48529;1.000
P32345;0.980;P48528;0.829
P20447;1.000;Q9C551;0.880
P32849;1.000;Q9FIY7;0.910
P32849;1.000;Q9FNI6;0.273
P38205;1.000;Q8L601;1.000
P38205;1.000;F4JJ52;0.510
Q03656;1.000;Q9FE52;1.000
Q03656;1.000;Q9FYC5;0.683
Q03656;1.000;F4J982;0.462
Q03656;1.000;Q9SHL5;0.132
Q03656;1.000;F4JN22;0.114
P43588;1.000;Q9LT08;1.000
Q01662;1.000;Q9SLN5;0.990
P42837;1.000;Q94A27;1.000
P42837;1.000;Q7XZU1;0.343
P42837;1.000;Q7XZU2;0.328
P42837;1.000;Q7XZU3;0.245
P42837;1.000;Q8RW97;0.237
P22579;1.000;O48686;1.000
P22579;1.000;O04539;0.576
P22579;1.000;Q9LFQ3;0.310
P22579;1.000;Q9SRH9;0.303
P22579;1.000;Q9XIE1;0.164
P22579;1.000;Q9XIK6;0.144
Q12522;1.000;Q9M060;0.990
P53197;0.990;Q8L3Z8;0.910
P53197;0.990;Q8VZS9;0.649
P53197;0.990;Q8LPL5;0.324
P27895;1.000;P82266;0.990
P0CX46;1.000;Q42064;0.921
P0CX46;1.000;P46286;1.000
P0CX46;1.000;Q4PSL7;0.624
P0CX35;1.000;P49204;1.000
P0CX35;1.000;Q8VYK6;1.000
P0CX35;1.000;Q93VH9;0.977
P32835;0.856;Q8H156;0.990
P32835;0.856;P41917;0.885
P25491;0.990;P42825;0.990
P25491;0.990;Q94AW8;0.861
P39002;0.518;Q9SJD4;0.990
P39002;0.518;Q9CAP8;0.543
P08425;1.000;Q94K73;1.000
P25038;1.000;Q67ZW2;1.000
P25038;1.000;Q9SHI1;0.054
P17119;1.000;P46864;0.920
P17119;1.000;P46875;0.920
P17119;1.000;F4JGP4;0.463
P17119;1.000;Q07970;0.445
P53378;1.000;P38557;1.000
P53378;1.000;P38558;0.978
P33442;1.000;Q42262;1.000
P33442;1.000;Q9CAV0;0.861
P23248;0.933;Q42262;1.000
P23248;0.933;Q9CAV0;0.861
P32580;1.000;F4KFV7;1.000
P32580;1.000;Q9SMX1;0.066
P26321;1.000;P49227;1.000
P26321;1.000;Q8LBI1;0.952
P54780;1.000;O23515;1.000
P54780;1.000;Q8VYF1;1.000
P05748;0.973;O23515;1.000
P05748;0.973;Q8VYF1;1.000
P53946;0.990;Q940Z2;0.990
P38011;1.000;O24456;1.000
P38011;1.000;Q9LV28;1.000
P38011;1.000;Q9C4Z6;0.904
P36120;0.990;Q7XJN0;0.990
P07143;1.000;Q9FKS5;1.000
P07143;1.000;Q9LK29;0.906
P0CX44;1.000;Q8VZB9;0.777
P0CX44;1.000;P59231;1.000
P0CX44;1.000;P59230;0.723
P29453;1.000;P49692;1.000
P29453;1.000;Q9LZH9;0.913
P05737;1.000;Q9LHP1;0.990
P05737;1.000;P60040;0.807
P05737;1.000;P60039;0.788
P40968;1.000;A4FVN8;0.990
P25345;0.930;O48593;0.990
P25345;0.930;Q9SSK1;0.252
P25345;0.930;Q9SW96;0.191
P25345;0.930;Q9SW95;0.075
P05755;1.000;Q9LXG1;1.000
P05755;1.000;Q9FLF0;0.667
Q08645;1.000;F4K2A1;1.000
Q08645;1.000;Q8W035;0.372
Q08645;1.000;F4J2K2;0.308
P0CX38;1.000;O48549;1.000
P0CX38;1.000;P51430;0.883
P0CX37;1.000;O48549;1.000
P0CX37;1.000;P51430;0.883
P38705;1.000;Q8RWT8;1.000
P04807;1.000;Q42525;1.000
P04807;1.000;P93834;0.808
P04807;1.000;Q9LPS1;0.348
P04807;1.000;Q56XE8;0.313
P04807;1.000;Q9T071;0.189
P15179;0.990;F4JJT9;0.990
Q04430;1.000;O80765;1.000
P39744;1.000;Q9ZPV5;1.000
P39744;1.000;Q0WVH0;0.063
P32905;1.000;Q8H173;1.000
P32905;1.000;Q08682;0.681
P46654;0.895;Q8H173;1.000
P46654;0.895;Q08682;0.681
P22438;1.000;Q9M2T9;1.000
P39073;0.900;Q84TI6;0.980
P0CX39;1.000;Q93VG5;1.000
Q12176;1.000;F4IDC2;1.000
P38689;0.402;Q42581;1.000
P38689;0.402;Q42583;0.821
P38689;0.402;O64888;0.598
P0CH09;1.000;Q42202;1.000
P0CH09;1.000;B9DHA6;1.000
P05756;1.000;P59224;1.000
P05756;1.000;P59223;0.971
P30775;1.000;A2RVR7;0.990
P53863;1.000;Q9C911;0.990
P39516;1.000;P42036;1.000
P39516;1.000;Q9CAX6;1.000
P39516;1.000;Q9SIH0;1.000
P0CX83;1.000;P49693;0.670
P0CX83;1.000;Q9LUQ6;1.000
P0CX83;1.000;Q9SRX2;0.655
P0CX82;1.000;P49693;0.670
P0CX82;1.000;Q9LUQ6;1.000
P0CX82;1.000;Q9SRX2;0.655
Q06708;1.000;Q9ZU97;1.000
P53552;1.000;F4IAT2;1.000
P17555;1.000;O65902;1.000
P48525;1.000;Q9FEA2;1.000
P0CX41;1.000;P49690;1.000
P0C0W1;1.000;Q9LX88;0.936
P0C0W1;1.000;P42798;1.000
P0C0W1;1.000;O80646;0.574
P0CX49;1.000;P42791;1.000
P0CX49;1.000;Q940B0;1.000
P0CX49;1.000;O22254;0.552
P38714;0.516;Q9C713;1.000
P38714;0.516;O23247;0.876
P26784;1.000;Q9LRX8;1.000
P26784;1.000;Q9SFU1;0.882
P26784;1.000;Q9SVR0;0.872
P26784;1.000;Q9FKC0;0.867
P27801;1.000;F4IDS7;1.000
P32474;0.233;Q9SRG3;0.940
P32474;0.233;Q9XI01;0.743
P32474;0.233;Q9FF55;0.061
P0CX55;1.000;P34788;1.000
P0CX52;1.000;Q42340;1.000
P0CX52;1.000;Q9SK22;1.000
P0CX52;1.000;Q9M8X9;0.670
P0CX51;1.000;Q42340;1.000
P0CX51;1.000;Q9SK22;1.000
P0CX51;1.000;Q9M8X9;0.670
Q01855;1.000;Q9FY65;0.990
Q01855;1.000;Q9FIX6;0.802
Q01855;1.000;Q9FY64;0.771
Q01855;1.000;Q08112;0.750
Q01855;1.000;Q9FY66;0.635
P31115;1.000;Q9C5K6;0.990
P38758;1.000;Q9FN21;1.000
P34244;0.106;Q9FFP9;1.000
P34244;0.106;P43292;0.836
P34244;0.106;P43291;0.718
P34244;0.106;Q9C958;0.703
P34244;0.106;O64812;0.569
P34244;0.106;Q940H6;0.535
P34244;0.106;Q39193;0.522
P34244;0.106;Q39192;0.504
P34244;0.106;Q9SMQ4;0.476
P34244;0.106;Q9M9E9;0.470
P39008;1.000;Q9LEU4;0.990
P39008;1.000;Q9SKZ2;0.990
P39008;1.000;Q9SAI2;0.811
P39008;1.000;Q9S9P2;0.461
P39008;1.000;Q9LXM2;0.218
P39008;1.000;Q9FMS6;0.216
P53632;1.000;Q84WU1;1.000
P0CX47;1.000;P16181;0.870
P0CX47;1.000;O65569;1.000
P0CX47;1.000;P42733;0.841
P05740;1.000;P51413;1.000
P05740;1.000;Q93VI3;0.939
P51401;1.000;P49209;1.000
P51401;1.000;Q9SZX9;0.790
P25349;1.000;Q6NQE2;1.000
P25349;1.000;F4K0D0;0.528
P25349;1.000;O23207;0.432
P25349;1.000;Q9LUX9;0.402
P13517;1.000;Q9M9G7;1.000
P48164;1.000;Q9C514;1.000
P48164;1.000;Q9M885;0.641
P48164;1.000;Q8LD03;0.609
P26786;0.822;Q9C514;1.000
P26786;0.822;Q9M885;0.641
P26786;0.822;Q8LD03;0.609
P40528;1.000;Q93ZF5;1.000
P40528;1.000;Q8S403;0.382
P40528;1.000;Q6R8G7;0.199
P40528;1.000;Q6R8G0;0.197
P40528;1.000;Q6R8G3;0.192
P40528;1.000;Q6R8G2;0.191
P40528;1.000;Q6R8G6;0.189
P40528;1.000;Q9LJW0;0.188
P40528;1.000;Q6R8G5;0.180
P40528;1.000;Q6R8G8;0.177
P40528;1.000;Q6R8G4;0.170
P32527;1.000;F4J6A8;0.990
P32527;1.000;Q9LHS5;0.661
P0CX24;1.000;P51418;1.000
P0CX24;1.000;Q9LUD4;0.881
P0CX23;1.000;P51418;1.000
P0CX23;1.000;Q9LUD4;0.881
Q02753;1.000;Q9FDZ9;1.000
Q02753;1.000;Q43291;0.945
Q12672;0.993;Q9FDZ9;1.000
Q12672;0.993;Q43291;0.945
P38789;1.000;Q9ASU7;1.000
P25656;1.000;Q9LTW0;1.000
P25656;1.000;Q9SLK2;1.000
P25656;1.000;Q8L8W0;0.699
P25656;1.000;Q9SA35;0.625
P25656;1.000;Q67YS6;0.413
P38961;1.000;Q84JC0;1.000
P31334;1.000;Q9LRN8;0.950
P23833;1.000;Q8VYP0;0.950
P25337;1.000;O49553;1.000
P32611;1.000;P56791;1.000
P20434;1.000;O81098;0.960
P20434;1.000;Q9FJL8;0.054
P49957;1.000;Q94A09;1.000
P25353;1.000;Q9SU83;1.000
P25353;1.000;Q9SU82;0.476
P25353;1.000;Q9SU81;0.445
Q12008;0.074;Q9LM13;1.000
Q12008;0.074;F4I8M8;0.637
Q12690;1.000;P41127;1.000
Q12690;1.000;Q9FF90;0.857
Q12690;1.000;Q9SMT4;0.752
P40212;0.983;P41127;1.000
P40212;0.983;Q9FF90;0.857
P40212;0.983;Q9SMT4;0.752
Q07915;1.000;O22165;1.000
Q06147;1.000;Q8L7L1;1.000
P21592;1.000;O64886;1.000
P22214;1.000;Q94AU2;0.990
P32383;1.000;Q944C2;1.000
P32383;1.000;Q8GV43;0.473
P32383;1.000;Q944C1;0.467
P32383;1.000;Q39033;0.435
P32383;1.000;Q9LY51;0.408
P32383;1.000;Q39032;0.338
P32383;1.000;Q56W08;0.307
P32383;1.000;Q9STZ3;0.211
P32383;1.000;Q6NMA7;0.194
P0CX32;1.000;Q9SS17;1.000
P0CX32;1.000;Q8LC83;0.920
P24869;0.119;Q39071;0.990
P24869;0.119;Q147G5;0.561
P24869;0.119;Q9C968;0.323
P24869;0.119;Q38819;0.316
P24869;0.119;Q9C6Y3;0.247
P24869;0.119;Q9FVX0;0.198
P24869;0.119;Q9FMH5;0.193
P24869;0.119;Q9C6A9;0.183
P24869;0.119;Q3ECW2;0.168
P24869;0.119;A0MEB5;0.156
P02407;1.000;Q9LZ17;0.946
P02407;1.000;P49205;1.000
P02407;1.000;Q9SJ36;0.891
P02407;1.000;Q9SQZ1;0.674
P14127;1.000;Q9LZ17;0.946
P14127;1.000;P49205;1.000
P14127;1.000;Q9SJ36;0.891
P14127;1.000;Q9SQZ1;0.674
P53540;1.000;Q9FG37;1.000
P38682;0.990;Q9FIQ0;1.000
P38682;0.990;Q8H100;0.723
P38682;0.990;O82171;0.501
P39010;1.000;Q3EC11;1.000
P39010;1.000;Q52T38;0.419
P07280;1.000;Q9SGA6;1.000
P07280;1.000;Q9LF30;0.934
P07281;1.000;Q9SGA6;1.000
P07281;1.000;Q9LF30;0.934
P34087;1.000;P38421;0.990
P49166;1.000;Q8LEM8;1.000
P49166;1.000;Q43292;0.871
P49166;1.000;Q8LFH7;0.839
P51402;0.796;Q8LEM8;1.000
P51402;0.796;Q43292;0.871
P51402;0.796;Q8LFH7;0.839
P0CX26;1.000;Q8RXU5;1.000
P0CX26;1.000;Q9SRK6;0.709
P0CX25;1.000;Q8RXU5;1.000
P0CX25;1.000;Q9SRK6;0.709
Q01477;0.840;Q9FPS3;0.910
P33201;1.000;Q94AK8;1.000
Q12386;0.880;Q9LSW2;0.750
P04449;1.000;P38666;1.000
P04449;1.000;Q42347;0.856
P24000;0.953;P38666;1.000
P24000;0.953;Q42347;0.856
P07170;1.000;Q9FIJ7;0.670
P36520;1.000;Q9FLF3;0.980
P14120;1.000;Q8VZ19;1.000
P14120;1.000;Q9C8F7;0.882
P0CX85;1.000;O80626;1.000
P0CX85;1.000;Q9LZ41;1.000
P0CX85;1.000;Q9M3D2;1.000
P0CX85;1.000;Q9SF53;0.927
P0CX84;1.000;O80626;1.000
P0CX84;1.000;Q9LZ41;1.000
P0CX84;1.000;Q9M3D2;1.000
P0CX84;1.000;Q9SF53;0.927
P0C2H8;0.990;Q9STR1;1.000
P0C2H8;0.990;P51420;0.957
P0C2H8;0.990;Q9SLL7;0.870
P35817;1.000;Q8H1D7;0.880
P35817;1.000;Q9S7T1;0.536
P35817;1.000;Q7Y214;0.146
P35817;1.000;Q9LXA7;0.135
P38711;1.000;O64650;1.000
P38711;1.000;Q9M2F1;1.000
P38711;1.000;Q8L953;0.790
P38711;1.000;B3H5X2;0.516
P38853;0.249;Q9LZ83;1.000
P38853;0.249;Q9MA55;0.358
P38853;0.249;Q8RWD9;0.343
P38853;0.249;Q0WWX4;0.141
P32496;1.000;Q9SGW3;1.000
P32496;1.000;Q9FHY0;0.559
P53849;1.000;Q8GXC5;0.470
P53323;1.000;Q94K14;1.000
Q06697;1.000;Q9LJ87;1.000
P40525;1.000;Q9FE65;1.000
P40525;1.000;Q42351;1.000
P40525;1.000;Q9LJW6;0.902
P47061;1.000;F4I6I4;1.000
P47061;1.000;F4I7Y2;0.378
P21827;1.000;Q9FN03;1.000
P21827;1.000;Q9LFS0;0.115
P21827;1.000;Q8GWF2;0.111
P21827;1.000;Q0WSJ9;0.107
P21827;1.000;Q9FJG9;0.076
P21827;1.000;A2RVN2;0.069
P21827;1.000;Q9M2S1;0.066
P21827;1.000;Q9LDU3;0.062
P21827;1.000;F4JBN0;0.061
P21827;1.000;F4J609;0.054
P21827;1.000;Q93Z10;0.052
P53628;1.000;Q147F4;1.000
P53628;1.000;Q9FMT4;0.657
P25632;0.094;Q147F4;1.000
P25632;0.094;Q9FMT4;0.657
P48363;1.000;P57741;1.000
Q08745;1.000;Q9SW09;0.813
Q08745;1.000;Q9LTF2;1.000
Q08745;1.000;Q9FFS8;0.590
P39952;1.000;Q9SKD3;0.950
P39952;1.000;Q42191;0.327
P27999;1.000;Q6NLH0;1.000
P27999;1.000;Q8L5V0;0.899
P02400;1.000;Q9SLF7;1.000
P02400;1.000;P51407;0.928
P02400;1.000;Q9LXM8;0.387
P02400;1.000;Q9LUK2;0.054
Q12434;1.000;Q9SFC6;1.000
Q12434;1.000;F4HYS9;0.486
Q12434;1.000;O65371;0.457
P46972;1.000;Q9S724;0.990
P32904;1.000;O23049;1.000
P48589;1.000;Q9S9P1;1.000
P48589;1.000;Q9SKZ3;0.762
P56628;0.789;Q9M9W1;1.000
P56628;0.789;Q9FE58;0.952
P56628;0.789;Q9SRX7;0.483
Q01454;1.000;F4JF14;1.000
Q3E792;1.000;Q8GYL5;1.000
Q3E792;1.000;Q9T029;0.914
Q3E792;1.000;Q9SIK2;0.905
Q3E792;1.000;Q9SIW5;0.871
P11792;1.000;Q9LRT1;0.560
P11792;1.000;Q9LY03;0.346
P11792;1.000;Q9LZV7;0.328
P11792;1.000;C0LGE4;0.206
P11792;1.000;Q9M0G7;0.201
P11792;1.000;Q9LHP4;0.190
P11792;1.000;Q9SHI2;0.189
P11792;1.000;Q9LQ11;0.189
P11792;1.000;C0LGS2;0.188
P11792;1.000;C0LGF5;0.185
P11792;1.000;C0LGV1;0.185
P11792;1.000;Q9FN37;0.183
P11792;1.000;Q9SSL9;0.183
P11792;1.000;Q9LYN8;0.182
P11792;1.000;F4K6B8;0.179
P11792;1.000;Q9FIZ3;0.178
P11792;1.000;C0LGQ5;0.178
P11792;1.000;Q9SGP2;0.174
P11792;1.000;Q42371;0.174
P11792;1.000;Q9FRS6;0.174
P11792;1.000;F4I2N7;0.173
P11792;1.000;Q9FII5;0.173
P11792;1.000;Q9ZVR7;0.173
P11792;1.000;Q9LVP0;0.172
P11792;1.000;Q9FZ59;0.172
P11792;1.000;C0LGR3;0.171
P11792;1.000;Q9C7T7;0.170
P11792;1.000;Q9ZPS9;0.169
P11792;1.000;O49318;0.167
P11792;1.000;O65440;0.167
P11792;1.000;C0LGW6;0.166
P11792;1.000;O22476;0.163
P11792;1.000;Q9LJM4;0.163
P11792;1.000;P47735;0.163
P11792;1.000;Q6XAT2;0.163
P11792;1.000;Q9LR04;0.162
P11792;1.000;O49545;0.160
P11792;1.000;Q9M2Z1;0.155
P11792;1.000;Q9LJF3;0.155
P11792;1.000;Q9SYQ8;0.154
P11792;1.000;Q9XGZ2;0.153
P11792;1.000;Q9ZWC8;0.153
P11792;1.000;Q8VZG8;0.149
P11792;1.000;Q9C7S5;0.148
P11792;1.000;Q9FL28;0.146
P11792;1.000;C0LGQ9;0.146
P11792;1.000;C0LGJ1;0.142
P11792;1.000;Q9LP24;0.142
P11792;1.000;Q9SN80;0.137
P11792;1.000;Q9SD64;0.133
P11792;1.000;Q9SD62;0.133
P11792;1.000;C0LGT6;0.132
P11792;1.000;Q9S7I6;0.129
P11792;1.000;O22938;0.128
P11792;1.000;C0LGG9;0.126
P11792;1.000;C0LGP4;0.126
P11792;1.000;O82318;0.124
P11792;1.000;C0LGX3;0.123
P11792;1.000;Q9SCT4;0.122
P11792;1.000;Q9LNK3;0.119
P11792;1.000;C0LGE0;0.119
P11792;1.000;C0LGU1;0.117
P11792;1.000;C0LGG8;0.116
P11792;1.000;C0LGK9;0.115
P11792;1.000;F4IVP3;0.113
P11792;1.000;Q9ZUI0;0.110
P11792;1.000;C0LGD7;0.109
P11792;1.000;C0LGH3;0.109
P11792;1.000;C0LGN2;0.109
P11792;1.000;F4I336;0.107
P11792;1.000;F4I337;0.107
P11792;1.000;Q9LFG1;0.106
P11792;1.000;F4I3K0;0.105
P11792;1.000;Q9LJW7;0.102
P11792;1.000;Q9FL51;0.102
P11792;1.000;C0LGH2;0.101
P11792;1.000;Q9ASQ6;0.101
P11792;1.000;Q9FXF2;0.101
P11792;1.000;F4KAX4;0.101
P11792;1.000;Q9FRI1;0.100
P11792;1.000;F4I3K4;0.099
P11792;1.000;Q8GZ99;0.098
P11792;1.000;C0LGP9;0.096
P11792;1.000;Q9LVN2;0.092
P11792;1.000;Q9SSM0;0.090
P11792;1.000;Q9LK43;0.087
P11792;1.000;C0LGG7;0.087
P11792;1.000;Q9LT96;0.087
P11792;1.000;Q8GY50;0.083
P11792;1.000;O64794;0.083
P11792;1.000;Q8GX94;0.083
P11792;1.000;C0LGF4;0.083
P11792;1.000;C0LGL9;0.082
P11792;1.000;Q93ZS4;0.080
P11792;1.000;Q9ZUK3;0.079
P11792;1.000;Q9S9U3;0.079
P11792;1.000;Q9C9N5;0.079
P11792;1.000;P43298;0.078
P11792;1.000;Q7FZR1;0.077
P11792;1.000;F4JGB6;0.076
P11792;1.000;Q9C9H6;0.074
P11792;1.000;Q9C9H7;0.073
P11792;1.000;F4J8G2;0.073
P11792;1.000;C0LGI5;0.072
P11792;1.000;Q9LVM0;0.072
P11792;1.000;F4J519;0.072
P11792;1.000;Q8RY65;0.072
P11792;1.000;Q9SKG5;0.071
P11792;1.000;Q0WR59;0.071
P11792;1.000;F4K685;0.071
P11792;1.000;C0LGS3;0.070
P11792;1.000;Q9LS79;0.070
P11792;1.000;O64757;0.070
P11792;1.000;Q94C77;0.070
P11792;1.000;C0LGT1;0.069
P11792;1.000;C0LGX1;0.069
P11792;1.000;Q9FHL8;0.069
P11792;1.000;Q9SHI4;0.069
P11792;1.000;Q9M9X0;0.068
P11792;1.000;Q06BH3;0.068
P11792;1.000;O48788;0.068
P11792;1.000;Q9SRL7;0.068
P11792;1.000;Q8W4S5;0.067
P11792;1.000;Q6R2K3;0.067
P11792;1.000;C0LGK4;0.067
P11792;1.000;C0LGU5;0.067
P11792;1.000;Q9C699;0.067
P11792;1.000;Q9SHI3;0.067
P11792;1.000;Q9MA83;0.066
P11792;1.000;F4J9A8;0.066
P11792;1.000;Q9SVN2;0.065
P11792;1.000;Q1PEN0;0.065
P11792;1.000;Q9M9C5;0.065
P11792;1.000;O49328;0.065
P11792;1.000;O80809;0.065
P11792;1.000;Q9LS80;0.065
P11792;1.000;Q9LJS2;0.063
P11792;1.000;F4IRP9;0.062
P11792;1.000;Q93YT3;0.062
P11792;1.000;Q9M2R4;0.062
P11792;1.000;F4JTU7;0.062
P11792;1.000;Q9C9Y8;0.062
P11792;1.000;F4HWX5;0.062
P11792;1.000;Q9C6A8;0.062
P11792;1.000;O65924;0.062
P11792;1.000;F4HTV3;0.061
P11792;1.000;Q9M8T0;0.061
P11792;1.000;Q9SHU6;0.061
P11792;1.000;Q8RWZ1;0.060
P11792;1.000;F4I9S2;0.060
P11792;1.000;Q9FMD7;0.060
P11792;1.000;Q9LJS0;0.060
P11792;1.000;Q9LP77;0.060
P11792;1.000;Q6R2K2;0.059
P11792;1.000;O49654;0.059
P11792;1.000;F4HTV4;0.058
P11792;1.000;Q9SUQ3;0.058
P11792;1.000;Q8RXQ6;0.057
P11792;1.000;Q940B9;0.057
P11792;1.000;Q9LVI6;0.057
P11792;1.000;O49329;0.056
P11792;1.000;Q9SKB2;0.056
P11792;1.000;F4J7T6;0.056
P11792;1.000;Q9C637;0.055
P11792;1.000;P33543;0.054
P11792;1.000;C0LGV0;0.052
P11792;1.000;F4IUU1;0.052
P11792;1.000;F4J7T9;0.051
Q08747;0.179;Q501B9;0.810
Q08747;0.179;F4J9Z9;0.604
Q08747;0.179;Q93YR5;0.145
P25381;0.082;O64481;1.000
P25381;0.082;Q9SZV5;0.891
P25381;0.082;Q9SUN6;0.370
P25381;0.082;Q9FI12;0.366
P25381;0.082;Q9SA75;0.363
P25381;0.082;F4HYR6;0.333
P25381;0.082;O49607;0.174
P25381;0.082;O65351;0.168
P25381;0.082;Q9LUM3;0.168
P25381;0.082;Q9FLI4;0.167
P25381;0.082;Q9ZUF6;0.160
P25381;0.082;F4JXC5;0.157
P25381;0.082;Q9ZSP5;0.157
P25381;0.082;Q9LVJ1;0.156
P25381;0.082;F4JMC8;0.152
P25381;0.082;Q9SZY2;0.152
P25381;0.082;Q9SZY3;0.151
P25381;0.082;F4HPF1;0.150
P25381;0.082;Q9MAP5;0.149
P25381;0.082;O64495;0.148
P25381;0.082;Q9FK76;0.148
P25381;0.082;F4JJL8;0.145
P25381;0.082;Q84WS0;0.145
P25381;0.082;Q8GWX9;0.143
P25381;0.082;Q9ZSB0;0.141
P25381;0.082;Q9FHA4;0.141
P25381;0.082;Q9LLL8;0.139
P25381;0.082;Q9LNU1;0.138
P25381;0.082;Q1PDX5;0.134
P25381;0.082;Q9C7U8;0.131
P25381;0.082;Q8GUK4;0.131
P25381;0.082;Q9SVT4;0.128
P25381;0.082;F4HSQ2;0.127
P25381;0.082;F4JJH4;0.126
P25381;0.082;Q9ZSB1;0.126
P25381;0.082;Q9FGU3;0.125
P25381;0.082;Q9FIG2;0.122
P25381;0.082;Q9LZS6;0.119
P25381;0.082;Q9FIM5;0.117
P25381;0.082;Q8L7D2;0.114
P25381;0.082;F4KHS8;0.109
P25381;0.082;F4KHT7;0.108
P25381;0.082;Q9STQ2;0.108
P25381;0.082;F4JJH5;0.108
P25381;0.082;F4KGD5;0.106
P25381;0.082;F4KEL0;0.106
P25381;0.082;O23357;0.105
P25381;0.082;F4KGD4;0.101
P25381;0.082;F4JA91;0.098
P25381;0.082;Q9STF7;0.097
P25381;0.082;F4IG09;0.084
P40025;0.338;Q9M262;1.000
P40025;0.338;Q7XJ55;0.458
P40025;0.338;Q9LZK9;0.449
P40025;0.338;Q9LTI2;0.446
P40025;0.338;Q9SKY5;0.321
Q07457;1.000;Q8RXD6;0.450
Q07457;1.000;Q9C895;0.190
P38755;1.000;Q9LVD4;0.600
P38755;1.000;Q9SW00;0.746
P38755;1.000;Q9SVZ9;0.728
P36105;1.000;Q9SIM4;1.000
P36105;1.000;Q9T043;0.923
Q03151;1.000;Q8L607;1.000
Q03151;1.000;O82497;0.213
Q12071;1.000;F4JT76;1.000
P41058;0.784;Q680P8;1.000
P0C0V8;1.000;Q9M337;1.000
P0C0V8;1.000;Q3E902;0.914
Q3E754;0.989;Q9M337;1.000
Q3E754;0.989;Q3E902;0.914
P32944;1.000;Q9FKG6;1.000
P32944;1.000;Q9SW11;0.560
P32944;1.000;Q9LU47;0.423
P32944;1.000;Q9FKG5;0.361
P32944;1.000;F4K964;0.260
P32944;1.000;Q1PF03;0.232
P32944;1.000;Q8S8S7;0.222
P32944;1.000;Q0WVJ0;0.220
P32944;1.000;F4IDG2;0.215
P32944;1.000;Q1PE30;0.213
P32944;1.000;F4I4J4;0.210
P32944;1.000;F4JZQ6;0.210
P32944;1.000;F4IK85;0.201
P32944;1.000;F4JZT9;0.187
P32944;1.000;Q8GWU3;0.183
P32944;1.000;Q681A5;0.183
P32944;1.000;Q8GUH1;0.177
P32944;1.000;Q9CAI9;0.169
P32944;1.000;Q94A51;0.134
P32944;1.000;Q9FGD7;0.082
Q12487;1.000;Q7XA68;1.000
P0C0X0;1.000;P34789;1.000
P0C0X0;1.000;Q9SR73;1.000
Q06163;1.000;Q9SPU7;1.000
P33759;1.000;P93014;1.000
P53223;1.000;Q6NLA5;1.000
Q03920;1.000;Q8VXU9;1.000
P32807;1.000;Q9FQ08;1.000
P22353;1.000;Q1ECK2;1.000
P22353;1.000;Q8LD39;0.934
P22353;1.000;Q9M385;0.107
P04650;1.000;P51424;1.000
P04650;1.000;Q8L8W6;0.853
P53178;1.000;O23514;1.000
P47150;1.000;P61841;1.000
P0CX34;1.000;P49689;1.000
Q04493;1.000;P57742;1.000
P33411;1.000;F4HWZ0;1.000
P33411;1.000;Q9SA55;0.500
P36528;1.000;Q8L7U3;1.000
P53685;0.084;Q9FE17;1.000
P35996;1.000;Q93Z17;1.000
P35996;1.000;Q84JG5;0.549
P35996;1.000;P56792;0.105
P53687;1.000;Q94AQ6;1.000
P52553;1.000;Q2HIK4;1.000
P23202;1.000;O80852;1.000
P23202;1.000;P42761;0.795
P23202;1.000;Q96324;0.334
P23202;1.000;Q9FE46;0.296
P32914;1.000;Q94C60;1.000
P32914;1.000;Q8LCQ3;0.863
P25559;1.000;F4IU60;1.000
Q01080;1.000;Q9LVK6;1.000
Q07379;1.000;Q9SN79;1.000
Q07379;1.000;Q9FXF9;0.667
Q07379;1.000;F4JBL2;0.607
Q07379;1.000;Q9ZUN7;0.539
Q07379;1.000;Q24JN1;0.436
P39683;1.000;Q8RWM2;1.000
P39683;1.000;Q84WV8;0.889
P40481;1.000;Q8VY62;1.000
P40481;1.000;O22847;0.250
P53082;0.740;Q9FIC3;1.000
P38090;0.189;Q9FFL1;1.000
P38090;0.189;Q9C6S5;0.709
P38090;0.189;Q9C6S4;0.636
P38090;0.189;Q9LH39;0.518
P38090;0.189;Q9LHN7;0.397
P38351;1.000;F4HQA1;1.000
Q06406;1.000;O22823;1.000
Q06406;1.000;Q9M1Z3;1.000
P47123;1.000;Q94C15;1.000
P22135;1.000;Q94BY8;1.000
P04840;1.000;Q9SMX3;1.000
P04840;1.000;Q9FKM2;1.000
P04840;1.000;Q9SRH5;0.681
P04840;1.000;Q9FJX3;0.426
P04840;1.000;Q9M2W6;0.222
P04840;1.000;Q9FHQ9;0.058
P49167;1.000;O22860;1.000
P53904;1.000;Q67Z52;1.000
Q12425;1.000;Q9XIK3;1.000
Q12425;1.000;Q8LBM4;0.074
Q12425;1.000;Q8L8C0;0.055
P32453;1.000;O22958;1.000
Q06090;1.000;F4J9E4;1.000